<?xml version="1.0" encoding="UTF-8"?>
<project-private xmlns="http://www.netbeans.org/ns/project-private/1">
    <editor-bookmarks xmlns="http://www.netbeans.org/ns/editor-bookmarks/2" lastBookmarkId="0"/>
    <open-files xmlns="http://www.netbeans.org/ns/projectui-open-files/2">
        <group>
            <file>file:/C:/Users/DUOC/Downloads/SistemaComercioElectronico/src/sistemacomercioelectronico/Categorias/Ropa.java</file>
            <file>file:/C:/Users/DUOC/Downloads/SistemaComercioElectronico/src/sistemacomercioelectronico/SistemaComercioElectronico.java</file>
            <file>file:/C:/Users/DUOC/Downloads/SistemaComercioElectronico/src/sistemacomercioelectronico/Categorias/Electronico.java</file>
            <file>file:/C:/Users/DUOC/Downloads/SistemaComercioElectronico/src/sistemacomercioelectronico/Carrito.java</file>
            <file>file:/C:/Users/DUOC/Downloads/SistemaComercioElectronico/src/sistemacomercioelectronico/Categorias/Producto.java</file>
            <file>file:/C:/Users/DUOC/Downloads/SistemaComercioElectronico/src/sistemacomercioelectronico/Categorias/IProducto.java</file>
        </group>
    </open-files>
</project-private>
