<?xml version="1.0" encoding="UTF-8"?>
<project-private xmlns="http://www.netbeans.org/ns/project-private/1">
    <editor-bookmarks xmlns="http://www.netbeans.org/ns/editor-bookmarks/2" lastBookmarkId="0"/>
    <open-files xmlns="http://www.netbeans.org/ns/projectui-open-files/2">
        <group>
            <file>file:/C:/Users/Catalina/Documents/GitHub/Desarrollo_orientado_a_objetos_actividades_y_pruebas/Experiencia2/DentaLife_v2/src/dentalife/DentaLife.java</file>
            <file>file:/C:/Users/Catalina/Documents/GitHub/Desarrollo_orientado_a_objetos_actividades_y_pruebas/Experiencia2/DentaLife_v2/src/dentalife/Paciente.java</file>
            <file>file:/C:/Users/Catalina/Documents/GitHub/Desarrollo_orientado_a_objetos_actividades_y_pruebas/Experiencia2/DentaLife_v2/src/dentalife/Clinica.java</file>
        </group>
    </open-files>
</project-private>
